Fecha,Impresiones
"vie, 8 may 2026",0
"sáb, 9 may 2026",0
"dom, 10 may 2026",0
"lun, 11 may 2026",0
"mar, 12 may 2026",0
"mié, 13 may 2026",0
"jue, 14 may 2026",457
"vie, 15 may 2026",246
"sáb, 16 may 2026",380
"dom, 17 may 2026",480
"lun, 18 may 2026",619
"mar, 19 may 2026",610
"mié, 20 may 2026",675
"jue, 21 may 2026",703
"vie, 22 may 2026",387
"sáb, 23 may 2026",544
"dom, 24 may 2026",696
"lun, 25 may 2026",638
"mar, 26 may 2026",655
"mié, 27 may 2026",932
"jue, 28 may 2026",640
"vie, 29 may 2026",472
"sáb, 30 may 2026",751
"dom, 31 may 2026",378
"lun, 1 jun 2026",532
"mar, 2 jun 2026",437
"mié, 3 jun 2026",466
"jue, 4 jun 2026",1
